student_id,first_name,surname,email
2021178,Alex,Kennham,akennham0@google.es
2023918,Tricia,Pottinger,tpottinger1@163.com
2022188,Herb,Jantzen,hjantzen2@chron.com
2022215,Basia,Watkiss,bwatkiss3@washington.edu
2022199,Lyn,Sink,lsink4@blogger.com
2022772,Thane,Couthard,tcouthard5@shutterfly.com
2021389,Roscoe,Bloschke,rbloschke6@ftc.gov
2023319,Hyacinthie,Bodega,hbodega7@indiegogo.com
2023529,Chiquia,Davidde,cdavidde8@nydailynews.com
2022613,Farrell,Boman,fboman9@cocolog-nifty.com
2022319,Alessandra,Ielden,aieldena@foxnews.com
2023085,Fredi,Fosken,ffoskenb@irs.gov
2023375,Catharine,Ary,caryc@whitehouse.gov
2023638,Gilbertina,Barajas,gbarajasd@google.co.uk
2021737,Rey,Dawidowsky,rdawidowskye@ucoz.ru
2022931,Raff,Casellas,rcasellasf@simplemachines.org
2023600,Lance,Harnetty,lharnettyg@canalblog.com
2023395,Odo,Moro,omoroh@apache.org
2021657,Maudie,Ivashnikov,mivashnikovi@wordpress.org
2021826,Herbert,Doniso,hdonisoj@yahoo.co.jp
2023949,Debee,Jessep,djessepk@prnewswire.com
2021522,Anica,Wolledge,awolledgel@bluehost.com
2021046,Burr,Roomes,broomesm@devhub.com
2023797,Maren,Laws,mlawsn@bbb.org
2021313,Terri,Worthington,tworthingtono@seattletimes.com
2023087,Eileen,Stockford,estockfordp@t-online.de
2022322,Erminie,Blodgett,eblodgettq@prnewswire.com
2021442,Linc,Wennam,lwennamr@hibu.com
2021335,Suzann,Delaprelle,sdelaprelles@mit.edu
2022773,Erin,Suermeiers,esuermeierst@wordpress.com
2022302,Jolee,Dickson,jdicksonu@disqus.com
2021691,Ganny,Nother,gnotherv@oracle.com
2023135,Cindie,Daniel,cdanielw@cbsnews.com
2023775,Paulita,Bogey,pbogeyx@ebay.co.uk
2022814,Hatty,Marmyon,hmarmyony@google.co.uk
2023750,Sarge,Dougherty,sdoughertyz@ucoz.ru
2023250,Leda,Gleeton,lgleeton10@domainmarket.com
2022241,Beaufort,Futty,bfutty11@slate.com
2021372,Matty,Domokos,mdomokos12@g.co
2021526,Randi,Stuchburie,rstuchburie13@dot.gov
2021351,Eveleen,MacDermott,emacdermott14@gnu.org
2021381,Carolina,Shuard,cshuard15@globo.com
2023442,Evey,Crother,ecrother16@ehow.com
2022189,Charmaine,Gurery,cgurery17@nydailynews.com
2021458,Clint,Kemmis,ckemmis18@smugmug.com
2023361,Stacia,Wicher,swicher19@gnu.org
2022728,Rivy,Padbery,rpadbery1a@google.it
2023510,Madelle,Pickerin,mpickerin1b@google.nl
2022583,Alford,Nelsey,anelsey1c@live.com
2022072,Stillmann,Mucillo,smucillo1d@wufoo.com
2021639,Vera,Walicki,vwalicki1e@jigsy.com
2021174,Iorgo,McKnish,imcknish1f@homestead.com
2022404,Raphaela,Hansman,rhansman1g@lulu.com
2021978,Marylou,Pullman,mpullman1h@vimeo.com
2022113,Tresa,Franca,tfranca1i@hatena.ne.jp
2023569,Hedda,Cannell,hcannell1j@reference.com
2022013,Rasia,Sussams,rsussams1k@linkedin.com
2021729,Tony,Crummey,tcrummey1l@tiny.cc
2022656,Teddie,Eisak,teisak1m@cam.ac.uk
2021114,Lark,D'Andrea,ldandrea1n@joomla.org
2023089,May,Halliburton,mhalliburton1o@samsung.com
2021359,Fayre,Joly,fjoly1p@unicef.org
2021041,Easter,Ravens,eravens1q@seesaa.net
2023349,Xever,Bromell,xbromell1r@soup.io
2022623,Gretel,Casillis,gcasillis1s@apache.org
2022741,Filberto,Snozzwell,fsnozzwell1t@wikia.com
2022073,Kristal,Wigfall,kwigfall1u@jalbum.net
2023712,Basile,Beininck,bbeininck1v@latimes.com
2023666,Filippo,Bullent,fbullent1w@slate.com
2023577,Bert,Ilbert,bilbert1x@ocn.ne.jp
2022252,Lorinda,Grinnell,lgrinnell1y@skyrock.com
2022628,Jilli,Broun,jbroun1z@cnn.com
2022295,Susanna,Slimmon,sslimmon20@cyberchimps.com
2023367,Banky,Liebermann,bliebermann21@twitter.com
2023739,Stevana,Pointon,spointon22@mashable.com
2022146,Clemmy,Mesnard,cmesnard23@biglobe.ne.jp
2021461,Alexia,Dorney,adorney24@mashable.com
2022288,Wittie,Gilyatt,wgilyatt25@jalbum.net
2022401,Doralynne,Fontes,dfontes26@amazon.com
2022013,Shelton,Giffaut,sgiffaut27@telegraph.co.uk
2022568,Arne,Capelow,acapelow28@alibaba.com
2022093,Mitchel,Tomasz,mtomasz29@epa.gov
2022237,Bernardo,Turban,bturban2a@buzzfeed.com
2023550,Elmore,Keech,ekeech2b@google.com
2021761,Lamond,Punton,lpunton2c@wp.com
2022652,Nissa,Camplin,ncamplin2d@toplist.cz
2022489,Renae,Macenzy,rmacenzy2e@e-recht24.de
2021133,Carma,Bruckman,cbruckman2f@google.it
2021867,Godwin,Dawidsohn,gdawidsohn2g@nifty.com
2022843,Binny,Ogdahl,bogdahl2h@rambler.ru
2023209,Vasilis,Kabsch,vkabsch2i@unc.edu
2023478,Josh,Botting,jbotting2j@mysql.com
2021312,Saundra,Dewerson,sdewerson2k@taobao.com
2021358,Erroll,Berre,eberre2l@blogtalkradio.com
2022742,Elianora,Revelle,erevelle2m@arstechnica.com
2021030,Simon,Shuttleworth,sshuttleworth2n@ucoz.com
2023778,Portie,Lindsay,plindsay2o@people.com.cn
2021633,Nanice,MacKain,nmackain2p@opera.com
2022371,Cissy,Raise,craise2q@nsw.gov.au
2023255,Dennie,MacCahee,dmaccahee2r@google.com.hk
2021996,Sherwin,Golborne,sgolborne2s@fc2.com
2021298,Reece,Whitby,rwhitby2t@jugem.jp
2022621,Betteann,Kuhnt,bkuhnt2u@auda.org.au
2021798,Aloise,Lawlan,alawlan2v@google.co.uk
2023869,Cherri,Forsbey,cforsbey2w@msn.com
2023802,Marcy,Benzies,mbenzies2x@mail.ru
2021783,Christophorus,Kendred,ckendred2y@typepad.com
2021805,Paulina,Autie,pautie2z@over-blog.com
2021297,Ursala,Rapaport,urapaport30@reuters.com
2021506,Nils,Wainscot,nwainscot31@weather.com
2023913,Lisabeth,McGurn,lmcgurn32@princeton.edu
2023336,Norah,Casseldine,ncasseldine33@parallels.com
2022313,Marlene,Orgen,morgen34@naver.com
2023531,Morty,Folling,mfolling35@uol.com.br
2022539,Ashlan,Bithell,abithell36@stanford.edu
2021795,Fara,Quarless,fquarless37@indiatimes.com
2023772,Shaun,McCrossan,smccrossan38@aboutads.info
2023632,Dniren,Dibbert,ddibbert39@unblog.fr
2023726,Alfreda,Kaesmans,akaesmans3a@theguardian.com
2022928,Ransell,Pariss,rpariss3b@netvibes.com
2021087,Selie,Kittless,skittless3c@princeton.edu
2023588,Jobina,Garry,jgarry3d@tuttocitta.it
2021572,Bryn,Brimble,bbrimble3e@senate.gov
2023447,Sheeree,Bohills,sbohills3f@sohu.com
2021587,Pattie,Bithany,pbithany3g@spiegel.de
2021814,Malissia,Hendrich,mhendrich3h@biblegateway.com
2022657,Myrtia,Henkmann,mhenkmann3i@shinystat.com
2021271,Agneta,Gauld,agauld3j@foxnews.com
2021873,Stormy,Stubbs,sstubbs3k@guardian.co.uk
2022288,Hirsch,Baggarley,hbaggarley3l@is.gd
2021606,Chantal,Fewster,cfewster3m@hatena.ne.jp
2023927,Bobine,Brackstone,bbrackstone3n@etsy.com
2022630,Rachele,Dunnan,rdunnan3o@merriam-webster.com
2021489,Julina,Sherrell,jsherrell3p@scribd.com
2022921,Billie,Deplacido,bdeplacido3q@altervista.org
2023472,Zondra,Lochet,zlochet3r@g.co
2023116,Edi,Androli,eandroli3s@infoseek.co.jp
2023358,Magnum,Denyagin,mdenyagin3t@opensource.org
2021091,Cyb,Laws,claws3u@soundcloud.com
2023781,Nessie,Jealous,njealous3v@cbsnews.com
2023097,Carmine,Colleck,ccolleck3w@kickstarter.com
2022358,Vyky,Isselee,visselee3x@nationalgeographic.com
2022864,Wittie,Horick,whorick3y@sohu.com
2022704,Arabella,Badam,abadam3z@gizmodo.com
2023425,Levy,Ferschke,lferschke40@nih.gov
2022224,Daile,Louw,dlouw41@a8.net
2023712,Mildred,Napoli,mnapoli42@forbes.com
2022128,Noella,Emsley,nemsley43@ed.gov
2022521,Carleton,Getsham,cgetsham44@indiatimes.com
2023233,Loraine,Choppen,lchoppen45@chron.com
2021843,Erin,Thorington,ethorington46@nba.com
2023800,Celestine,Conti,cconti47@fda.gov
2022421,Iolande,Spir,ispir48@cornell.edu
2021369,Regan,McKay,rmckay49@intel.com
2021559,Ricardo,McEvay,rmcevay4a@biglobe.ne.jp
2021258,Merola,Finlaison,mfinlaison4b@bigcartel.com
2021288,Joyan,Huggett,jhuggett4c@kickstarter.com
2021965,Delmer,Westmerland,dwestmerland4d@engadget.com
2021049,Frasco,Morfett,fmorfett4e@samsung.com
2021767,Miguel,Tabourier,mtabourier4f@people.com.cn
2021067,Edyth,Shute,eshute4g@fda.gov
2022113,Averell,Matthews,amatthews4h@ucoz.ru
2023315,Ginnie,Lipmann,glipmann4i@sciencedaily.com
2021799,Sally,Trimming,strimming4j@state.gov
2021179,Lilla,Kettlestring,lkettlestring4k@theglobeandmail.com
2023821,Lavinia,Goncaves,lgoncaves4l@va.gov
2021218,Orland,Macbeth,omacbeth4m@cargocollective.com
2021432,Almeta,Rainsbury,arainsbury4n@cnbc.com
2022952,Roseann,Dumingos,rdumingos4o@google.ca
2023004,Miller,Milsap,mmilsap4p@devhub.com
2021304,Ab,Dominichetti,adominichetti4q@yelp.com
2023956,Ariel,Turvie,aturvie4r@google.com.au
2023387,Hamid,Wardington,hwardington4s@ycombinator.com
2023427,Vidovik,Greatrex,vgreatrex4t@github.com
2023499,Kinny,Connolly,kconnolly4u@tmall.com
2021057,Bradley,Dubock,bdubock4v@blogger.com
2021469,Wolfy,Climpson,wclimpson4w@joomla.org
2023537,Jourdan,Van Baaren,jvanbaaren4x@tumblr.com
2022215,Beatriz,Bowcock,bbowcock4y@eventbrite.com
2023742,Thomasin,Conkay,tconkay4z@gnu.org
2022457,Brendis,McFadyen,bmcfadyen50@pagesperso-orange.fr
2021819,Chane,Juster,cjuster51@quantcast.com
2023188,Gabriello,Tooke,gtooke52@friendfeed.com
2023246,Viva,Amor,vamor53@tinypic.com
2023317,Tania,Glowacha,tglowacha54@freewebs.com
2022973,Aili,Yeatman,ayeatman55@yahoo.co.jp
2021651,Gunter,McCrainor,gmccrainor56@creativecommons.org
2023008,Michael,Poutress,mpoutress57@theglobeandmail.com
2023103,Immanuel,Kidwell,ikidwell58@wordpress.com
2023446,Charline,Cobbald,ccobbald59@about.com
2023456,Tammi,Ell,tell5a@ucoz.ru
2023923,Marna,Capoun,mcapoun5b@drupal.org
2022787,Lilith,Guiet,lguiet5c@reverbnation.com
2023428,Dotti,Childers,dchilders5d@mapy.cz
2022849,Orel,Myderscough,omyderscough5e@yahoo.com
2021185,Nicolis,Criple,ncriple5f@paypal.com
2021190,Weidar,Eadon,weadon5g@google.ca
2023214,Kalinda,Cella,kcella5h@youtube.com
2021351,Ilario,Sahnow,isahnow5i@buzzfeed.com
2023158,Irina,Jeeks,ijeeks5j@engadget.com
2021199,Marylin,Kornacki,mkornacki5k@nationalgeographic.com
2023148,Nelson,Kelling,nkelling5l@nationalgeographic.com
2023195,Janaye,Leyre,jleyre5m@techcrunch.com
2021313,Liza,Gerrad,lgerrad5n@github.io
2023521,Dorthea,MacGown,dmacgown5o@rambler.ru
2022220,Magnum,Vaughan,mvaughan5p@hc360.com
2023339,Lane,Yesipov,lyesipov5q@cafepress.com
2021248,Kirsti,Lanfare,klanfare5r@dmoz.org
2021661,Kalina,Gossop,kgossop5s@blog.com
2021012,Derrick,Pankhurst.,dpankhurst5t@blogs.com
2022620,Margarethe,Oakton,moakton5u@unblog.fr
2023709,Templeton,Oldknowe,toldknowe5v@discuz.net
2023481,Dean,Mignot,dmignot5w@aol.com
2023515,Marcos,MacColgan,mmaccolgan5x@reference.com
2021276,Mohandis,Creigan,mcreigan5y@hao123.com
2023045,Jewel,Lucy,jlucy5z@constantcontact.com
2022445,Aeriel,St. Quentin,astquentin60@indiegogo.com
2022196,Tracey,Kwiek,tkwiek61@dropbox.com
2022676,Jeni,Ast,jast62@people.com.cn
2021533,Heinrik,Suttell,hsuttell63@constantcontact.com
2023773,Bernardine,Dudbridge,bdudbridge64@spiegel.de
2021861,Darci,Stapleford,dstapleford65@live.com
2022432,Ula,Finden,ufinden66@webnode.com
2021100,Gallard,MacPaden,gmacpaden67@guardian.co.uk
2023345,Jessika,Filshin,jfilshin68@statcounter.com
2021217,Riva,Marchelli,rmarchelli69@e-recht24.de
2023070,Taryn,Mosco,tmosco6a@kickstarter.com
2021387,Nerta,Pedrol,npedrol6b@simplemachines.org
2021604,Kenna,Peskett,kpeskett6c@smugmug.com
2023149,Joellen,Myrick,jmyrick6d@bloglovin.com
2022417,Fabien,Vorley,fvorley6e@mtv.com
2023791,Rosene,Haggus,rhaggus6f@yale.edu
2023422,Amye,Bentote,abentote6g@freewebs.com
2021839,Adrienne,Rakes,arakes6h@epa.gov
2023739,Shantee,Vear,svear6i@dagondesign.com
2021152,Arlin,Duinbleton,aduinbleton6j@jalbum.net
2022822,Harlin,Cram,hcram6k@acquirethisname.com
2022588,Allistir,Allebone,aallebone6l@linkedin.com
2022303,Jamie,Johncey,jjohncey6m@adobe.com
2021339,Austin,Sange,asange6n@apple.com
2021890,Willdon,Brocklehurst,wbrocklehurst6o@deviantart.com
2021219,Fairlie,Swaby,fswaby6p@businessweek.com
2021646,Martyn,Shafe,mshafe6q@nydailynews.com
2023469,Eldon,Thirwell,ethirwell6r@altervista.org
2021542,Mirelle,Idwal Evans,midwalevans6s@nba.com
2021875,Emilie,Goulbourne,egoulbourne6t@amazon.de
2021096,Althea,Tobin,atobin6u@sohu.com
2021845,Duky,Nayer,dnayer6v@t.co
2022652,Saw,Soal,ssoal6w@opensource.org
2022024,Valle,Gulberg,vgulberg6x@histats.com
2021311,Lionel,Vasilyonok,lvasilyonok6y@intel.com
2023099,Rock,Sheeran,rsheeran6z@rakuten.co.jp
2021923,Magdalena,Conlaund,mconlaund70@uol.com.br
2022082,Carr,Burds,cburds71@wordpress.com
2023548,Aggie,Mustill,amustill72@google.com
2022518,Loella,Ohanessian,lohanessian73@utexas.edu
2022033,Idalina,Parley,iparley74@chron.com
2023086,Raven,Brickhill,rbrickhill75@com.com
2021600,Inglis,Walework,iwalework76@bing.com
2021747,Carmine,Straffon,cstraffon77@taobao.com
2022898,Selia,Backhouse,sbackhouse78@altervista.org
2023617,Lurline,Gulk,lgulk79@friendfeed.com
2023130,Josie,Strangwood,jstrangwood7a@studiopress.com
2021396,Oralie,Schoales,oschoales7b@sciencedaily.com
2021816,Buckie,Gorgen,bgorgen7c@latimes.com
2023574,Selena,Canete,scanete7d@squidoo.com
2021810,Crista,Batiste,cbatiste7e@mozilla.org
2021030,Darrell,Durrett,ddurrett7f@usnews.com
2023248,Elliott,Attersoll,eattersoll7g@ft.com
2022895,Dulce,Severns,dseverns7h@wikia.com
2021149,Hamlen,Leppo,hleppo7i@google.ca
2022048,Bobbie,Mattiessen,bmattiessen7j@usatoday.com
2023580,Berton,Zecchii,bzecchii7k@ycombinator.com
2021371,Guillemette,Maycock,gmaycock7l@cafepress.com
2023309,Cross,Stummeyer,cstummeyer7m@unicef.org
2021650,Emilie,Burnapp,eburnapp7n@networksolutions.com
2022282,Marcy,MacClancey,mmacclancey7o@cisco.com
2021588,Benedikt,Catlin,bcatlin7p@cpanel.net
2022654,Felice,Elvin,felvin7q@webmd.com
2023167,Madel,Abbes,mabbes7r@mapy.cz
2022364,Charla,MacGahey,cmacgahey7s@ft.com
2023196,Mikey,Petrasso,mpetrasso7t@photobucket.com
2021162,Carola,Prattin,cprattin7u@mapy.cz
2022617,Emmit,De Freyne,edefreyne7v@weather.com
2021030,Roxanna,Boik,rboik7w@woothemes.com
2023431,Cristina,Parradye,cparradye7x@columbia.edu
2022930,Veda,Ingerfield,vingerfield7y@ucla.edu
2022138,Laughton,Eisold,leisold7z@tripadvisor.com
2023535,Isadora,Kuhl,ikuhl80@dropbox.com
2023983,Amelia,Brissard,abrissard81@kickstarter.com
2022511,Nedi,Patton,npatton82@usa.gov
2021268,Wells,Naughton,wnaughton83@tamu.edu
2022853,Rivy,Ragot,rragot84@state.gov
2022811,Mar,Driver,mdriver85@smugmug.com
2021158,May,Retter,mretter86@utexas.edu
2023752,Alanah,Singyard,asingyard87@shutterfly.com
2022155,Brandise,Edmonson,bedmonson88@cafepress.com
2023436,Maddie,McGahy,mmcgahy89@people.com.cn
2021838,Octavius,Fellona,ofellona8a@bbb.org
2023788,Amaleta,Savile,asavile8b@census.gov
2021330,Selby,Pestridge,spestridge8c@diigo.com
2022992,Onida,Zanolli,ozanolli8d@networkadvertising.org
2021924,Grata,Skehens,gskehens8e@a8.net
2022846,Glen,Doylend,gdoylend8f@digg.com
2023571,Maire,Vinker,mvinker8g@imageshack.us
2022345,Ulrikaumeko,Pyser,upyser8h@paginegialle.it
2021190,Breanne,Accombe,baccombe8i@adobe.com
2021495,Addie,Goult,agoult8j@tiny.cc
2022112,Michelina,Kryska,mkryska8k@ask.com
2021647,Sabina,O'Shee,soshee8l@webmd.com
2023874,Margie,Maddinon,mmaddinon8m@illinois.edu
2023575,Atlanta,Haggarth,ahaggarth8n@hc360.com
2022649,Fred,Veltman,fveltman8o@engadget.com
2023513,Farrand,Swane,fswane8p@fotki.com
2022469,Sonny,Reading,sreading8q@state.tx.us
2022084,Maxi,Hutchinges,mhutchinges8r@icio.us
2022925,Crosby,Guise,cguise8s@unicef.org
2023645,Winny,Hamlett,whamlett8t@china.com.cn
2023851,Roi,Speak,rspeak8u@imdb.com
2023109,Beniamino,Real,breal8v@furl.net
2022175,Abbey,Skryne,askryne8w@accuweather.com
2023801,Chas,Strathern,cstrathern8x@unc.edu
2021399,Durand,Mullis,dmullis8y@eventbrite.com
2021926,Jenny,Lombardo,jlombardo8z@meetup.com
2023249,Jecho,Bartos,jbartos90@discuz.net
2021130,Mimi,Stockoe,mstockoe91@sogou.com
2023459,Evan,Meach,emeach92@twitpic.com
2021409,Wade,Mawman,wmawman93@istockphoto.com
2021895,Dolph,Skyner,dskyner94@ebay.co.uk
2023803,Hilliary,Melior,hmelior95@wsj.com
2022340,Mela,Kmicicki,mkmicicki96@harvard.edu
2022785,Virgilio,Itzkin,vitzkin97@goo.ne.jp
2023235,Jillian,Mourge,jmourge98@odnoklassniki.ru
2023318,Sven,Batrick,sbatrick99@nih.gov
2022980,Brendin,Blesdill,bblesdill9a@dell.com
2021519,Caddric,Carletti,ccarletti9b@dion.ne.jp
2021984,Koressa,Carlos,kcarlos9c@tumblr.com
2023163,Walther,Bodycomb,wbodycomb9d@soup.io
2021077,Cherri,Dungate,cdungate9e@abc.net.au
2021466,Crystie,Thickens,cthickens9f@newyorker.com
2023062,Sher,Applebee,sapplebee9g@com.com
2021869,Nellie,Welburn,nwelburn9h@vk.com
2021194,Lindi,Cowitz,lcowitz9i@independent.co.uk
2022271,Shayne,Brabben,sbrabben9j@google.pl
2022584,Sophronia,James,sjames9k@jiathis.com
2023562,Holly,Poundesford,hpoundesford9l@samsung.com
2022287,Keefe,Leyre,kleyre9m@mayoclinic.com
2023529,Jarrett,Flaune,jflaune9n@sciencedirect.com
2021038,Eolanda,Duddle,eduddle9o@ucsd.edu
2022366,Teressa,Methringham,tmethringham9p@about.me
2022746,Winn,Hansard,whansard9q@hibu.com
2021401,Fanny,Colbourne,fcolbourne9r@amazon.co.jp
2022953,Katerine,Dowson,kdowson9s@sakura.ne.jp
2021417,Cairistiona,Ramshaw,cramshaw9t@xing.com
2021965,Nancey,Kluss,nkluss9u@shutterfly.com
2021805,Illa,Pasquale,ipasquale9v@cafepress.com
2021188,Abner,Formilli,aformilli9w@merriam-webster.com
2023584,Rafe,Alti,ralti9x@sourceforge.net
2023889,Wolfy,Douce,wdouce9y@columbia.edu
2023401,Sanford,Fry,sfry9z@berkeley.edu
2021957,Darbee,McWilliams,dmcwilliamsa0@cnn.com
2022530,Novelia,Renol,nrenola1@hugedomains.com
2022994,Lexis,Lockhart,llockharta2@wordpress.org
2022157,Ian,Matthius,imatthiusa3@topsy.com
2022374,Alix,Shercliff,ashercliffa4@techcrunch.com
2023981,Brent,Dorrington,bdorringtona5@rakuten.co.jp
2021815,Edgardo,Fussen,efussena6@shop-pro.jp
2023387,Ernesto,Cardozo,ecardozoa7@netlog.com
2022797,Denice,Dzenisenka,ddzenisenkaa8@uol.com.br
2021389,Philomena,Ryding,prydinga9@google.nl
2022273,Brod,Swiffan,bswiffanaa@friendfeed.com
2022723,Danna,Neising,dneisingab@theatlantic.com
2023700,Lawry,Cranke,lcrankeac@reuters.com
2021152,Elwood,Sokale,esokalead@newsvine.com
2022192,Luelle,Ekkel,lekkelae@miitbeian.gov.cn
2021324,Marjorie,Butler,mbutleraf@patch.com
2023581,Terrie,Witch,twitchag@tiny.cc
2022806,Cliff,Cullington,ccullingtonah@usa.gov
2022871,Lara,Leggin,llegginai@istockphoto.com
2022717,Rutherford,Fairbank,rfairbankaj@soundcloud.com
2021604,Bernadette,Brader,bbraderak@g.co
2021350,Fredelia,Davion,fdavional@house.gov
2023135,Domenic,Dickenson,ddickensonam@flickr.com
2021998,Selia,Spurryer,sspurryeran@mapquest.com
2023240,Temple,Foystone,tfoystoneao@google.com.hk
2021681,Jolyn,Pennini,jpenniniap@t-online.de
2021033,Malina,Vallentin,mvallentinaq@1und1.de
2021029,Mead,Mudd,mmuddar@wired.com
2023987,Cilka,McKirton,cmckirtonas@altervista.org
2021645,Jada,Matveichev,jmatveichevat@lycos.com
2023476,Tyson,Fairhead,tfairheadau@ezinearticles.com
2022794,Adelbert,Joynt,ajoyntav@bigcartel.com
2022563,Armando,Megson,amegsonaw@bloglovin.com
2022833,Reeta,Goatcher,rgoatcherax@amazon.co.jp
2021952,Tove,Hurlin,thurlinay@xrea.com
2023585,Dasha,Kayes,dkayesaz@dropbox.com
2023738,Elizabeth,O'Cleary,eoclearyb0@macromedia.com
2021340,Emmey,Kuller,ekullerb1@tmall.com
2022336,Ebenezer,Siggens,esiggensb2@buzzfeed.com
2022263,Danika,Stoggell,dstoggellb3@bloomberg.com
2021931,Ruth,Coddrington,rcoddringtonb4@vistaprint.com
2021434,Smith,Hinkes,shinkesb5@instagram.com
2022088,Nevin,Sacchetti,nsacchettib6@goo.gl
2021872,Clint,Habbal,chabbalb7@yahoo.co.jp
2023162,Joelly,Fortman,jfortmanb8@behance.net
2023126,Hunfredo,Linforth,hlinforthb9@sphinn.com
2021265,Knox,Baillie,kbaillieba@techcrunch.com
2023639,Meagan,Ioan,mioanbb@com.com
2023124,Lowrance,O'Currine,locurrinebc@multiply.com
2022770,Katusha,Devers,kdeversbd@cloudflare.com
2022742,Hercule,MacClure,hmacclurebe@tmall.com
2022465,Bartlet,Southey,bsoutheybf@desdev.cn
2022338,Edgardo,Wantling,ewantlingbg@vk.com
2022785,Kara,Reilingen,kreilingenbh@eventbrite.com
2023558,Thomasine,Gianilli,tgianillibi@wikia.com
2023839,Christophe,Stollenhof,cstollenhofbj@fda.gov
2021364,Palmer,Readwing,preadwingbk@sitemeter.com
2022079,Salomon,Booker,sbookerbl@qq.com
2021443,Hestia,Rosevear,hrosevearbm@jigsy.com
2022814,Sara,Persicke,spersickebn@google.co.uk
2022759,Kahlil,O'Kinneally,kokinneallybo@wix.com
2021005,Guthrie,Oultram,goultrambp@mit.edu
2023795,Gregory,Topliss,gtoplissbq@1und1.de
2021614,Astrix,Tethcote,atethcotebr@technorati.com
2021713,Candi,Thurgood,cthurgoodbs@netlog.com
2023363,Renae,Elderbrant,relderbrantbt@sina.com.cn
2022971,Joleen,Adrienne,jadriennebu@toplist.cz
2023171,Gabie,Jennrich,gjennrichbv@blogtalkradio.com
2022607,Fidelity,Ralph,fralphbw@opera.com
2022440,Quintus,Taynton,qtayntonbx@multiply.com
2022463,Mable,Theobalds,mtheobaldsby@over-blog.com
2023240,Ezequiel,Landrean,elandreanbz@chron.com
2021694,Jany,Lowndsbrough,jlowndsbroughc0@blogspot.com
2023760,Rosaleen,Oakden,roakdenc1@webeden.co.uk
2021271,Maribel,Blaby,mblabyc2@hugedomains.com
2021268,Yorgo,Pereira,ypereirac3@github.com
2021494,Emmye,Morgan,emorganc4@livejournal.com
2023867,Marnie,Dessaur,mdessaurc5@prweb.com
2022245,Leon,Schwandermann,lschwandermannc6@a8.net
2022481,Claudie,Muscott,cmuscottc7@cnn.com
2022724,Kent,Jeanon,kjeanonc8@quantcast.com
2022519,Oneida,Bracknell,obracknellc9@slideshare.net
2022080,Alyson,Romer,aromerca@technorati.com
2022143,Hoyt,Zamudio,hzamudiocb@goodreads.com
2023739,Emlyn,Garrood,egarroodcc@istockphoto.com
2021671,Pauletta,Arkley,parkleycd@ovh.net
2022828,Nehemiah,Parnaby,nparnabyce@reference.com
2021832,Pamella,Diviney,pdivineycf@storify.com
2022735,Guenevere,Cuschieri,gcuschiericg@mayoclinic.com
2022838,Kym,Rappaport,krappaportch@auda.org.au
2022669,Taryn,Kibel,tkibelci@moonfruit.com
2022990,Valli,Springtorp,vspringtorpcj@examiner.com
2021699,Ximenes,Stubbin,xstubbinck@ibm.com
2023213,Leroy,Senner,lsennercl@sina.com.cn
2021566,Dannel,Sterry,dsterrycm@wix.com
2023039,Jesus,Dunnion,jdunnioncn@google.com.br
2022620,Aaren,Botfield,abotfieldco@mit.edu
2023081,Jerrold,Ferriby,jferribycp@themeforest.net
2021681,Donica,Danbury,ddanburycq@parallels.com
2023797,Cesya,Le Port,cleportcr@dot.gov
2022810,Vaughn,Hugnot,vhugnotcs@google.it
2023076,Marge,Doble,mdoblect@fda.gov
2021499,Virgie,Deluca,vdelucacu@bigcartel.com
2022887,Jackquelin,Middlemass,jmiddlemasscv@upenn.edu
2022751,Darius,Preshaw,dpreshawcw@rediff.com
2021414,Emily,Saggs,esaggscx@unblog.fr
2022150,Deeann,Aylward,daylwardcy@weather.com
2023094,Desdemona,Gibling,dgiblingcz@about.me
2021741,Sephira,Goudman,sgoudmand0@army.mil
2022304,Anastasia,Stibbs,astibbsd1@ucoz.com
2023724,Kerwin,Smorfit,ksmorfitd2@cnet.com
2021085,Lonny,Crathern,lcrathernd3@indiegogo.com
2021899,Godfree,Burchett,gburchettd4@nih.gov
2022631,Van,Panas,vpanasd5@behance.net
2021928,Darsie,Wheadon,dwheadond6@sun.com
2023421,Hewet,O' Culligan,hoculligand7@discuz.net
2021511,Hogan,Titcomb,htitcombd8@sun.com
2022101,Erena,Cicchinelli,ecicchinellid9@mtv.com
2022090,Charlotta,MacTrusty,cmactrustyda@spotify.com
2021848,Carolus,Tippetts,ctippettsdb@theguardian.com
2022107,Madison,Blachford,mblachforddc@themeforest.net
2023578,Lukas,Gorrissen,lgorrissendd@mozilla.com
2022538,Mario,Eldritt,meldrittde@fastcompany.com
2023765,Roberta,Brusin,rbrusindf@indiegogo.com
2022680,Stewart,Devericks,sdevericksdg@de.vu
2021784,Loretta,Beazer,lbeazerdh@state.gov
2022595,Myron,Aulds,mauldsdi@timesonline.co.uk
2023269,Louis,Carss,lcarssdj@mediafire.com
2022880,Nanine,Bowmer,nbowmerdk@fotki.com
2022627,Timotheus,Vasyunichev,tvasyunichevdl@posterous.com
2021877,Tallia,Rocca,troccadm@opera.com
2021602,Nye,Oppy,noppydn@desdev.cn
2021243,Dody,Duckham,dduckhamdo@google.nl
2022834,Marinna,Sherwen,msherwendp@chronoengine.com
2022933,Mickey,Fassum,mfassumdq@zdnet.com
2023179,Daisie,Nerheny,dnerhenydr@reverbnation.com
2022281,Devi,Longhorn,dlonghornds@ca.gov
2023977,Camellia,Magauran,cmagaurandt@stanford.edu
2023219,Pearl,Blackstone,pblackstonedu@imgur.com
2023276,Morissa,Dundridge,mdundridgedv@domainmarket.com
